,seq_source,lane_id,cell.labels,fetal_ids,lr_batch,corr_concat,stage,lanes,sex,sort.ids,fetal.ids,component,broad_cell.labels,sequencing.type,orig.dataset,batch,var,num,var_num,ss2_col,technology
WSSS_F_Imm8725442,SS2,WSSS_F_Imm8725442,Erythroid_SC_train,F79,SS2,WSSS_F_Imm8725442_predicted_SS2,CS18,nan,Male,nan,nan,YS,Erythroid_SC_train,SS2,nan,0,ERYTHROID,2.0,2.0 : ERYTHROID,#4A09B6,SS2
WSSS_F_Imm8725443,SS2,WSSS_F_Imm8725443,Endoderm_SC_train,F79,SS2,WSSS_F_Imm8725443_predicted_SS2,CS18,nan,Male,nan,nan,YS,Endoderm_SC_train,SS2,nan,0,HEPATOID,4.0,4.0 : HEPATOID,#F6298B,SS2
WSSS_F_Imm8725444,SS2,WSSS_F_Imm8725444,Endothelium_SC_train,F79,SS2,WSSS_F_Imm8725444_predicted_SS2,CS18,nan,Male,nan,nan,YS,Endothelium_SC_train,SS2,nan,0,ANGIOGENIC,0.0,0.0 : ANGIOGENIC,#5F4EF6,SS2
WSSS_F_Imm8725445,SS2,WSSS_F_Imm8725445,Mesothelium_SC_train,F79,SS2,WSSS_F_Imm8725445_predicted_SS2,CS18,nan,Male,nan,nan,YS,Mesothelium_SC_train,SS2,nan,0,EPITHELIAL,1.0,1.0 : EPITHELIAL,#5D76B2,SS2
WSSS_F_Imm8725446,SS2,WSSS_F_Imm8725446,Erythroid_SC_train,F79,SS2,WSSS_F_Imm8725446_predicted_SS2,CS18,nan,Male,nan,nan,YS,Erythroid_SC_train,SS2,nan,0,ERYTHROID,2.0,2.0 : ERYTHROID,#4A09B6,SS2
WSSS_F_Imm8725447,SS2,WSSS_F_Imm8725447,Endoderm_SC_train,F79,SS2,WSSS_F_Imm8725447_predicted_SS2,CS18,nan,Male,nan,nan,YS,Endoderm_SC_train,SS2,nan,0,HEPATOID,4.0,4.0 : HEPATOID,#F6298B,SS2
WSSS_F_Imm8725448,SS2,WSSS_F_Imm8725448,Endoderm_SC_train,F79,SS2,WSSS_F_Imm8725448_predicted_SS2,CS18,nan,Male,nan,nan,YS,Endoderm_SC_train,SS2,nan,0,HEPATOID,4.0,4.0 : HEPATOID,#F6298B,SS2
WSSS_F_Imm8725450,SS2,WSSS_F_Imm8725450,Mesothelium_SC_train,F79,SS2,WSSS_F_Imm8725450_predicted_SS2,CS18,nan,Male,nan,nan,YS,Mesothelium_SC_train,SS2,nan,0,EPITHELIAL,1.0,1.0 : EPITHELIAL,#5D76B2,SS2
WSSS_F_Imm8725451,SS2,WSSS_F_Imm8725451,Fibroblast_SC_train,F79,SS2,WSSS_F_Imm8725451_predicted_SS2,CS18,nan,Male,nan,nan,YS,Fibroblast_SC_train,SS2,nan,0,FIBROBLAST,3.0,3.0 : FIBROBLAST,#ED351A,SS2
WSSS_F_Imm8725452,SS2,WSSS_F_Imm8725452,Mesothelium_SC_train,F79,SS2,WSSS_F_Imm8725452_predicted_SS2,CS18,nan,Male,nan,nan,YS,Mesothelium_SC_train,SS2,nan,0,EPITHELIAL,1.0,1.0 : EPITHELIAL,#5D76B2,SS2
WSSS_F_Imm8725453,SS2,WSSS_F_Imm8725453,Erythroid_SC_train,F79,SS2,WSSS_F_Imm8725453_predicted_SS2,CS18,nan,Male,nan,nan,YS,Erythroid_SC_train,SS2,nan,0,ERYTHROID,2.0,2.0 : ERYTHROID,#4A09B6,SS2
WSSS_F_Imm8725454,SS2,WSSS_F_Imm8725454,Erythroid_SC_train,F79,SS2,WSSS_F_Imm8725454_predicted_SS2,CS18,nan,Male,nan,nan,YS,Erythroid_SC_train,SS2,nan,0,ERYTHROID,2.0,2.0 : ERYTHROID,#4A09B6,SS2
WSSS_F_Imm8725455,SS2,WSSS_F_Imm8725455,Mesothelium_SC_train,F79,SS2,WSSS_F_Imm8725455_predicted_SS2,CS18,nan,Male,nan,nan,YS,Mesothelium_SC_train,SS2,nan,0,EPITHELIAL,1.0,1.0 : EPITHELIAL,#5D76B2,SS2
WSSS_F_Imm8725456,SS2,WSSS_F_Imm8725456,Mesothelium_SC_train,F79,SS2,WSSS_F_Imm8725456_predicted_SS2,CS18,nan,Male,nan,nan,YS,Mesothelium_SC_train,SS2,nan,0,EPITHELIAL,1.0,1.0 : EPITHELIAL,#5D76B2,SS2
WSSS_F_Imm8725457,SS2,WSSS_F_Imm8725457,Erythroid_SC_train,F79,SS2,WSSS_F_Imm8725457_predicted_SS2,CS18,nan,Male,nan,nan,YS,Erythroid_SC_train,SS2,nan,0,ERYTHROID,2.0,2.0 : ERYTHROID,#4A09B6,SS2
WSSS_F_Imm8725458,SS2,WSSS_F_Imm8725458,Erythroid_SC_train,F79,SS2,WSSS_F_Imm8725458_predicted_SS2,CS18,nan,Male,nan,nan,YS,Erythroid_SC_train,SS2,nan,0,ERYTHROID,2.0,2.0 : ERYTHROID,#4A09B6,SS2
WSSS_F_Imm8725459,SS2,WSSS_F_Imm8725459,Endoderm_SC_train,F79,SS2,WSSS_F_Imm8725459_predicted_SS2,CS18,nan,Male,nan,nan,YS,Endoderm_SC_train,SS2,nan,0,HEPATOID,4.0,4.0 : HEPATOID,#F6298B,SS2
WSSS_F_Imm8725460,SS2,WSSS_F_Imm8725460,Erythroid_SC_train,F79,SS2,WSSS_F_Imm8725460_predicted_SS2,CS18,nan,Male,nan,nan,YS,Erythroid_SC_train,SS2,nan,0,ERYTHROID,2.0,2.0 : ERYTHROID,#4A09B6,SS2
WSSS_F_Imm8725461,SS2,WSSS_F_Imm8725461,Erythroid_SC_train,F79,SS2,WSSS_F_Imm8725461_predicted_SS2,CS18,nan,Male,nan,nan,YS,Erythroid_SC_train,SS2,nan,0,ERYTHROID,2.0,2.0 : ERYTHROID,#4A09B6,SS2
WSSS_F_Imm8725462,SS2,WSSS_F_Imm8725462,Mesothelium_SC_train,F79,SS2,WSSS_F_Imm8725462_predicted_SS2,CS18,nan,Male,nan,nan,YS,Mesothelium_SC_train,SS2,nan,0,EPITHELIAL,1.0,1.0 : EPITHELIAL,#5D76B2,SS2
WSSS_F_Imm8725463,SS2,WSSS_F_Imm8725463,Endothelium_SC_train,F79,SS2,WSSS_F_Imm8725463_predicted_SS2,CS18,nan,Male,nan,nan,YS,Endothelium_SC_train,SS2,nan,0,ANGIOGENIC,0.0,0.0 : ANGIOGENIC,#5F4EF6,SS2
WSSS_F_Imm8725464,SS2,WSSS_F_Imm8725464,Erythroid_SC_train,F79,SS2,WSSS_F_Imm8725464_predicted_SS2,CS18,nan,Male,nan,nan,YS,Erythroid_SC_train,SS2,nan,0,ERYTHROID,2.0,2.0 : ERYTHROID,#4A09B6,SS2
WSSS_F_Imm8725465,SS2,WSSS_F_Imm8725465,Mesothelium_SC_train,F79,SS2,WSSS_F_Imm8725465_predicted_SS2,CS18,nan,Male,nan,nan,YS,Mesothelium_SC_train,SS2,nan,0,EPITHELIAL,1.0,1.0 : EPITHELIAL,#5D76B2,SS2
WSSS_F_Imm8725466,SS2,WSSS_F_Imm8725466,Endoderm_SC_train,F79,SS2,WSSS_F_Imm8725466_predicted_SS2,CS18,nan,Male,nan,nan,YS,Endoderm_SC_train,SS2,nan,0,HEPATOID,4.0,4.0 : HEPATOID,#F6298B,SS2
WSSS_F_Imm8725467,SS2,WSSS_F_Imm8725467,Erythroid_SC_train,F79,SS2,WSSS_F_Imm8725467_predicted_SS2,CS18,nan,Male,nan,nan,YS,Erythroid_SC_train,SS2,nan,0,ERYTHROID,2.0,2.0 : ERYTHROID,#4A09B6,SS2
WSSS_F_Imm8725468,SS2,WSSS_F_Imm8725468,Endoderm_SC_train,F79,SS2,WSSS_F_Imm8725468_predicted_SS2,CS18,nan,Male,nan,nan,YS,Endoderm_SC_train,SS2,nan,0,HEPATOID,4.0,4.0 : HEPATOID,#F6298B,SS2
WSSS_F_Imm8725469,SS2,WSSS_F_Imm8725469,Endoderm_SC_train,F79,SS2,WSSS_F_Imm8725469_predicted_SS2,CS18,nan,Male,nan,nan,YS,Endoderm_SC_train,SS2,nan,0,HEPATOID,4.0,4.0 : HEPATOID,#F6298B,SS2
WSSS_F_Imm8725470,SS2,WSSS_F_Imm8725470,Mesothelium_SC_train,F79,SS2,WSSS_F_Imm8725470_predicted_SS2,CS18,nan,Male,nan,nan,YS,Mesothelium_SC_train,SS2,nan,0,EPITHELIAL,1.0,1.0 : EPITHELIAL,#5D76B2,SS2
WSSS_F_Imm8725471,SS2,WSSS_F_Imm8725471,Endoderm_SC_train,F79,SS2,WSSS_F_Imm8725471_predicted_SS2,CS18,nan,Male,nan,nan,YS,Endoderm_SC_train,SS2,nan,0,HEPATOID,4.0,4.0 : HEPATOID,#F6298B,SS2
WSSS_F_Imm8725472,SS2,WSSS_F_Imm8725472,Mesothelium_SC_train,F79,SS2,WSSS_F_Imm8725472_predicted_SS2,CS18,nan,Male,nan,nan,YS,Mesothelium_SC_train,SS2,nan,0,EPITHELIAL,1.0,1.0 : EPITHELIAL,#5D76B2,SS2
WSSS_F_Imm8725473,SS2,WSSS_F_Imm8725473,Mesothelium_SC_train,F79,SS2,WSSS_F_Imm8725473_predicted_SS2,CS18,nan,Male,nan,nan,YS,Mesothelium_SC_train,SS2,nan,0,EPITHELIAL,1.0,1.0 : EPITHELIAL,#5D76B2,SS2
WSSS_F_Imm8725474,SS2,WSSS_F_Imm8725474,Erythroid_SC_train,F79,SS2,WSSS_F_Imm8725474_predicted_SS2,CS18,nan,Male,nan,nan,YS,Erythroid_SC_train,SS2,nan,0,ERYTHROID,2.0,2.0 : ERYTHROID,#4A09B6,SS2
WSSS_F_Imm8725475,SS2,WSSS_F_Imm8725475,Erythroid_SC_train,F79,SS2,WSSS_F_Imm8725475_predicted_SS2,CS18,nan,Male,nan,nan,YS,Erythroid_SC_train,SS2,nan,0,ERYTHROID,2.0,2.0 : ERYTHROID,#4A09B6,SS2
WSSS_F_Imm8725476,SS2,WSSS_F_Imm8725476,Erythroid_SC_train,F79,SS2,WSSS_F_Imm8725476_predicted_SS2,CS18,nan,Male,nan,nan,YS,Erythroid_SC_train,SS2,nan,0,ERYTHROID,2.0,2.0 : ERYTHROID,#4A09B6,SS2
WSSS_F_Imm8725477,SS2,WSSS_F_Imm8725477,Erythroid_SC_train,F79,SS2,WSSS_F_Imm8725477_predicted_SS2,CS18,nan,Male,nan,nan,YS,Erythroid_SC_train,SS2,nan,0,ERYTHROID,2.0,2.0 : ERYTHROID,#4A09B6,SS2
WSSS_F_Imm8725478,SS2,WSSS_F_Imm8725478,Mesothelium_SC_train,F79,SS2,WSSS_F_Imm8725478_predicted_SS2,CS18,nan,Male,nan,nan,YS,Mesothelium_SC_train,SS2,nan,0,EPITHELIAL,1.0,1.0 : EPITHELIAL,#5D76B2,SS2
WSSS_F_Imm8725479,SS2,WSSS_F_Imm8725479,Erythroid_SC_train,F79,SS2,WSSS_F_Imm8725479_predicted_SS2,CS18,nan,Male,nan,nan,YS,Erythroid_SC_train,SS2,nan,0,ERYTHROID,2.0,2.0 : ERYTHROID,#4A09B6,SS2
WSSS_F_Imm8725480,SS2,WSSS_F_Imm8725480,Endoderm_SC_train,F79,SS2,WSSS_F_Imm8725480_predicted_SS2,CS18,nan,Male,nan,nan,YS,Endoderm_SC_train,SS2,nan,0,HEPATOID,4.0,4.0 : HEPATOID,#F6298B,SS2
WSSS_F_Imm8725481,SS2,WSSS_F_Imm8725481,Endoderm_SC_train,F79,SS2,WSSS_F_Imm8725481_predicted_SS2,CS18,nan,Male,nan,nan,YS,Endoderm_SC_train,SS2,nan,0,HEPATOID,4.0,4.0 : HEPATOID,#F6298B,SS2
WSSS_F_Imm8725482,SS2,WSSS_F_Imm8725482,Erythroid_SC_train,F79,SS2,WSSS_F_Imm8725482_predicted_SS2,CS18,nan,Male,nan,nan,YS,Erythroid_SC_train,SS2,nan,0,ERYTHROID,2.0,2.0 : ERYTHROID,#4A09B6,SS2
WSSS_F_Imm8725483,SS2,WSSS_F_Imm8725483,Erythroid_SC_train,F79,SS2,WSSS_F_Imm8725483_predicted_SS2,CS18,nan,Male,nan,nan,YS,Erythroid_SC_train,SS2,nan,0,ERYTHROID,2.0,2.0 : ERYTHROID,#4A09B6,SS2
WSSS_F_Imm8725484,SS2,WSSS_F_Imm8725484,Mesothelium_SC_train,F79,SS2,WSSS_F_Imm8725484_predicted_SS2,CS18,nan,Male,nan,nan,YS,Mesothelium_SC_train,SS2,nan,0,EPITHELIAL,1.0,1.0 : EPITHELIAL,#5D76B2,SS2
WSSS_F_Imm8725485,SS2,WSSS_F_Imm8725485,Erythroid_SC_train,F79,SS2,WSSS_F_Imm8725485_predicted_SS2,CS18,nan,Male,nan,nan,YS,Erythroid_SC_train,SS2,nan,0,ERYTHROID,2.0,2.0 : ERYTHROID,#4A09B6,SS2
WSSS_F_Imm8725486,SS2,WSSS_F_Imm8725486,Erythroid_SC_train,F79,SS2,WSSS_F_Imm8725486_predicted_SS2,CS18,nan,Male,nan,nan,YS,Erythroid_SC_train,SS2,nan,0,ERYTHROID,2.0,2.0 : ERYTHROID,#4A09B6,SS2
WSSS_F_Imm8725487,SS2,WSSS_F_Imm8725487,Endoderm_SC_train,F79,SS2,WSSS_F_Imm8725487_predicted_SS2,CS18,nan,Male,nan,nan,YS,Endoderm_SC_train,SS2,nan,0,HEPATOID,4.0,4.0 : HEPATOID,#F6298B,SS2
WSSS_F_Imm8725488,SS2,WSSS_F_Imm8725488,Endoderm_SC_train,F79,SS2,WSSS_F_Imm8725488_predicted_SS2,CS18,nan,Male,nan,nan,YS,Endoderm_SC_train,SS2,nan,0,HEPATOID,4.0,4.0 : HEPATOID,#F6298B,SS2
WSSS_F_Imm8725489,SS2,WSSS_F_Imm8725489,Endoderm_SC_train,F79,SS2,WSSS_F_Imm8725489_predicted_SS2,CS18,nan,Male,nan,nan,YS,Endoderm_SC_train,SS2,nan,0,HEPATOID,4.0,4.0 : HEPATOID,#F6298B,SS2
WSSS_F_Imm8725490,SS2,WSSS_F_Imm8725490,Erythroid_SC_train,F79,SS2,WSSS_F_Imm8725490_predicted_SS2,CS18,nan,Male,nan,nan,YS,Erythroid_SC_train,SS2,nan,0,ERYTHROID,2.0,2.0 : ERYTHROID,#4A09B6,SS2
WSSS_F_Imm8725491,SS2,WSSS_F_Imm8725491,Erythroid_SC_train,F79,SS2,WSSS_F_Imm8725491_predicted_SS2,CS18,nan,Male,nan,nan,YS,Erythroid_SC_train,SS2,nan,0,ERYTHROID,2.0,2.0 : ERYTHROID,#4A09B6,SS2
WSSS_F_Imm8725492,SS2,WSSS_F_Imm8725492,Mesothelium_SC_train,F79,SS2,WSSS_F_Imm8725492_predicted_SS2,CS18,nan,Male,nan,nan,YS,Mesothelium_SC_train,SS2,nan,0,EPITHELIAL,1.0,1.0 : EPITHELIAL,#5D76B2,SS2
WSSS_F_Imm8725493,SS2,WSSS_F_Imm8725493,Mesothelium_SC_train,F79,SS2,WSSS_F_Imm8725493_predicted_SS2,CS18,nan,Male,nan,nan,YS,Mesothelium_SC_train,SS2,nan,0,EPITHELIAL,1.0,1.0 : EPITHELIAL,#5D76B2,SS2
WSSS_F_Imm8725494,SS2,WSSS_F_Imm8725494,Megakaryocyte_SC_train,F79,SS2,WSSS_F_Imm8725494_predicted_SS2,CS18,nan,Male,nan,nan,YS,Megakaryocyte_SC_train,SS2,nan,0,MEGAKARYOCYTE,5.0,5.0 : MEGAKARYOCYTE,#AD201B,SS2
WSSS_F_Imm8725495,SS2,WSSS_F_Imm8725495,Mesothelium_SC_train,F79,SS2,WSSS_F_Imm8725495_predicted_SS2,CS18,nan,Male,nan,nan,YS,Mesothelium_SC_train,SS2,nan,0,EPITHELIAL,1.0,1.0 : EPITHELIAL,#5D76B2,SS2
WSSS_F_Imm8725496,SS2,WSSS_F_Imm8725496,Erythroid_SC_train,F79,SS2,WSSS_F_Imm8725496_predicted_SS2,CS18,nan,Male,nan,nan,YS,Erythroid_SC_train,SS2,nan,0,ERYTHROID,2.0,2.0 : ERYTHROID,#4A09B6,SS2
WSSS_F_Imm8725497,SS2,WSSS_F_Imm8725497,Erythroid_SC_train,F79,SS2,WSSS_F_Imm8725497_predicted_SS2,CS18,nan,Male,nan,nan,YS,Erythroid_SC_train,SS2,nan,0,ERYTHROID,2.0,2.0 : ERYTHROID,#4A09B6,SS2
WSSS_F_Imm8725498,SS2,WSSS_F_Imm8725498,Mesothelium_SC_train,F79,SS2,WSSS_F_Imm8725498_predicted_SS2,CS18,nan,Male,nan,nan,YS,Mesothelium_SC_train,SS2,nan,0,EPITHELIAL,1.0,1.0 : EPITHELIAL,#5D76B2,SS2
WSSS_F_Imm8725499,SS2,WSSS_F_Imm8725499,Endoderm_SC_train,F79,SS2,WSSS_F_Imm8725499_predicted_SS2,CS18,nan,Male,nan,nan,YS,Endoderm_SC_train,SS2,nan,0,HEPATOID,4.0,4.0 : HEPATOID,#F6298B,SS2
WSSS_F_Imm8725500,SS2,WSSS_F_Imm8725500,Erythroid_SC_train,F79,SS2,WSSS_F_Imm8725500_predicted_SS2,CS18,nan,Male,nan,nan,YS,Erythroid_SC_train,SS2,nan,0,ERYTHROID,2.0,2.0 : ERYTHROID,#4A09B6,SS2
WSSS_F_Imm8725501,SS2,WSSS_F_Imm8725501,Erythroid_SC_train,F79,SS2,WSSS_F_Imm8725501_predicted_SS2,CS18,nan,Male,nan,nan,YS,Erythroid_SC_train,SS2,nan,0,ERYTHROID,2.0,2.0 : ERYTHROID,#4A09B6,SS2
WSSS_F_Imm8725502,SS2,WSSS_F_Imm8725502,Erythroid_SC_train,F79,SS2,WSSS_F_Imm8725502_predicted_SS2,CS18,nan,Male,nan,nan,YS,Erythroid_SC_train,SS2,nan,0,ERYTHROID,2.0,2.0 : ERYTHROID,#4A09B6,SS2
WSSS_F_Imm8725503,SS2,WSSS_F_Imm8725503,Smooth_Muscle_SC_train,F79,SS2,WSSS_F_Imm8725503_predicted_SS2,CS18,nan,Male,nan,nan,YS,Smooth_Muscle_SC_train,SS2,nan,0,SMOOTH_MUSCLE,6.0,6.0 : SMOOTH_MUSCLE,#29F727,SS2
WSSS_F_Imm8725504,SS2,WSSS_F_Imm8725504,Erythroid_SC_train,F79,SS2,WSSS_F_Imm8725504_predicted_SS2,CS18,nan,Male,nan,nan,YS,Erythroid_SC_train,SS2,nan,0,ERYTHROID,2.0,2.0 : ERYTHROID,#4A09B6,SS2
WSSS_F_Imm8725505,SS2,WSSS_F_Imm8725505,Erythroid_SC_train,F79,SS2,WSSS_F_Imm8725505_predicted_SS2,CS18,nan,Male,nan,nan,YS,Erythroid_SC_train,SS2,nan,0,ERYTHROID,2.0,2.0 : ERYTHROID,#4A09B6,SS2
WSSS_F_Imm8725506,SS2,WSSS_F_Imm8725506,Mesothelium_SC_train,F79,SS2,WSSS_F_Imm8725506_predicted_SS2,CS18,nan,Male,nan,nan,YS,Mesothelium_SC_train,SS2,nan,0,EPITHELIAL,1.0,1.0 : EPITHELIAL,#5D76B2,SS2
WSSS_F_Imm8725508,SS2,WSSS_F_Imm8725508,Erythroid_SC_train,F79,SS2,WSSS_F_Imm8725508_predicted_SS2,CS18,nan,Male,nan,nan,YS,Erythroid_SC_train,SS2,nan,0,ERYTHROID,2.0,2.0 : ERYTHROID,#4A09B6,SS2
WSSS_F_Imm8725509,SS2,WSSS_F_Imm8725509,Erythroid_SC_train,F79,SS2,WSSS_F_Imm8725509_predicted_SS2,CS18,nan,Male,nan,nan,YS,Erythroid_SC_train,SS2,nan,0,ERYTHROID,2.0,2.0 : ERYTHROID,#4A09B6,SS2
WSSS_F_Imm8725510,SS2,WSSS_F_Imm8725510,Erythroid_SC_train,F79,SS2,WSSS_F_Imm8725510_predicted_SS2,CS18,nan,Male,nan,nan,YS,Erythroid_SC_train,SS2,nan,0,ERYTHROID,2.0,2.0 : ERYTHROID,#4A09B6,SS2
WSSS_F_Imm8725511,SS2,WSSS_F_Imm8725511,Erythroid_SC_train,F79,SS2,WSSS_F_Imm8725511_predicted_SS2,CS18,nan,Male,nan,nan,YS,Erythroid_SC_train,SS2,nan,0,ERYTHROID,2.0,2.0 : ERYTHROID,#4A09B6,SS2
WSSS_F_Imm8725514,SS2,WSSS_F_Imm8725514,Endoderm_SC_train,F80,SS2,WSSS_F_Imm8725514_predicted_SS2,CS15,nan,Male,nan,nan,YS,Endoderm_SC_train,SS2,nan,0,HEPATOID,4.0,4.0 : HEPATOID,#F6298B,SS2
WSSS_F_Imm8725515,SS2,WSSS_F_Imm8725515,Erythroid_SC_train,F80,SS2,WSSS_F_Imm8725515_predicted_SS2,CS15,nan,Male,nan,nan,YS,Erythroid_SC_train,SS2,nan,0,ERYTHROID,2.0,2.0 : ERYTHROID,#4A09B6,SS2
WSSS_F_Imm8725516,SS2,WSSS_F_Imm8725516,Mesothelium_SC_train,F80,SS2,WSSS_F_Imm8725516_predicted_SS2,CS15,nan,Male,nan,nan,YS,Mesothelium_SC_train,SS2,nan,0,EPITHELIAL,1.0,1.0 : EPITHELIAL,#5D76B2,SS2
WSSS_F_Imm8725517,SS2,WSSS_F_Imm8725517,Erythroid_SC_train,F80,SS2,WSSS_F_Imm8725517_predicted_SS2,CS15,nan,Male,nan,nan,YS,Erythroid_SC_train,SS2,nan,0,ERYTHROID,2.0,2.0 : ERYTHROID,#4A09B6,SS2
WSSS_F_Imm8725518,SS2,WSSS_F_Imm8725518,Endoderm_SC_train,F80,SS2,WSSS_F_Imm8725518_predicted_SS2,CS15,nan,Male,nan,nan,YS,Endoderm_SC_train,SS2,nan,0,HEPATOID,4.0,4.0 : HEPATOID,#F6298B,SS2
WSSS_F_Imm8725519,SS2,WSSS_F_Imm8725519,Erythroid_SC_train,F80,SS2,WSSS_F_Imm8725519_predicted_SS2,CS15,nan,Male,nan,nan,YS,Erythroid_SC_train,SS2,nan,0,ERYTHROID,2.0,2.0 : ERYTHROID,#4A09B6,SS2
WSSS_F_Imm8725520,SS2,WSSS_F_Imm8725520,Endoderm_SC_train,F80,SS2,WSSS_F_Imm8725520_predicted_SS2,CS15,nan,Male,nan,nan,YS,Endoderm_SC_train,SS2,nan,0,HEPATOID,4.0,4.0 : HEPATOID,#F6298B,SS2
WSSS_F_Imm8725521,SS2,WSSS_F_Imm8725521,Endoderm_SC_train,F80,SS2,WSSS_F_Imm8725521_predicted_SS2,CS15,nan,Male,nan,nan,YS,Endoderm_SC_train,SS2,nan,0,HEPATOID,4.0,4.0 : HEPATOID,#F6298B,SS2
WSSS_F_Imm8725522,SS2,WSSS_F_Imm8725522,Endoderm_SC_train,F80,SS2,WSSS_F_Imm8725522_predicted_SS2,CS15,nan,Male,nan,nan,YS,Endoderm_SC_train,SS2,nan,0,HEPATOID,4.0,4.0 : HEPATOID,#F6298B,SS2
WSSS_F_Imm8725523,SS2,WSSS_F_Imm8725523,Mesothelium_SC_train,F80,SS2,WSSS_F_Imm8725523_predicted_SS2,CS15,nan,Male,nan,nan,YS,Mesothelium_SC_train,SS2,nan,0,EPITHELIAL,1.0,1.0 : EPITHELIAL,#5D76B2,SS2
WSSS_F_Imm8725524,SS2,WSSS_F_Imm8725524,Endoderm_SC_train,F80,SS2,WSSS_F_Imm8725524_predicted_SS2,CS15,nan,Male,nan,nan,YS,Endoderm_SC_train,SS2,nan,0,HEPATOID,4.0,4.0 : HEPATOID,#F6298B,SS2
WSSS_F_Imm8725525,SS2,WSSS_F_Imm8725525,Endoderm_SC_train,F80,SS2,WSSS_F_Imm8725525_predicted_SS2,CS15,nan,Male,nan,nan,YS,Endoderm_SC_train,SS2,nan,0,HEPATOID,4.0,4.0 : HEPATOID,#F6298B,SS2
WSSS_F_Imm8725526,SS2,WSSS_F_Imm8725526,Erythroid_SC_train,F80,SS2,WSSS_F_Imm8725526_predicted_SS2,CS15,nan,Male,nan,nan,YS,Erythroid_SC_train,SS2,nan,0,ERYTHROID,2.0,2.0 : ERYTHROID,#4A09B6,SS2
WSSS_F_Imm8725527,SS2,WSSS_F_Imm8725527,Erythroid_SC_train,F80,SS2,WSSS_F_Imm8725527_predicted_SS2,CS15,nan,Male,nan,nan,YS,Erythroid_SC_train,SS2,nan,0,ERYTHROID,2.0,2.0 : ERYTHROID,#4A09B6,SS2
WSSS_F_Imm8725528,SS2,WSSS_F_Imm8725528,Erythroid_SC_train,F80,SS2,WSSS_F_Imm8725528_predicted_SS2,CS15,nan,Male,nan,nan,YS,Erythroid_SC_train,SS2,nan,0,ERYTHROID,2.0,2.0 : ERYTHROID,#4A09B6,SS2
WSSS_F_Imm8725529,SS2,WSSS_F_Imm8725529,Endoderm_SC_train,F80,SS2,WSSS_F_Imm8725529_predicted_SS2,CS15,nan,Male,nan,nan,YS,Endoderm_SC_train,SS2,nan,0,HEPATOID,4.0,4.0 : HEPATOID,#F6298B,SS2
WSSS_F_Imm8725530,SS2,WSSS_F_Imm8725530,Fibroblast_SC_train,F80,SS2,WSSS_F_Imm8725530_predicted_SS2,CS15,nan,Male,nan,nan,YS,Fibroblast_SC_train,SS2,nan,0,FIBROBLAST,3.0,3.0 : FIBROBLAST,#ED351A,SS2
WSSS_F_Imm8725531,SS2,WSSS_F_Imm8725531,Endoderm_SC_train,F80,SS2,WSSS_F_Imm8725531_predicted_SS2,CS15,nan,Male,nan,nan,YS,Endoderm_SC_train,SS2,nan,0,HEPATOID,4.0,4.0 : HEPATOID,#F6298B,SS2
WSSS_F_Imm8725532,SS2,WSSS_F_Imm8725532,Endoderm_SC_train,F80,SS2,WSSS_F_Imm8725532_predicted_SS2,CS15,nan,Male,nan,nan,YS,Endoderm_SC_train,SS2,nan,0,HEPATOID,4.0,4.0 : HEPATOID,#F6298B,SS2
WSSS_F_Imm8725533,SS2,WSSS_F_Imm8725533,Mesothelium_SC_train,F80,SS2,WSSS_F_Imm8725533_predicted_SS2,CS15,nan,Male,nan,nan,YS,Mesothelium_SC_train,SS2,nan,0,EPITHELIAL,1.0,1.0 : EPITHELIAL,#5D76B2,SS2
WSSS_F_Imm8725534,SS2,WSSS_F_Imm8725534,Erythroid_SC_train,F80,SS2,WSSS_F_Imm8725534_predicted_SS2,CS15,nan,Male,nan,nan,YS,Erythroid_SC_train,SS2,nan,0,ERYTHROID,2.0,2.0 : ERYTHROID,#4A09B6,SS2
WSSS_F_Imm8725536,SS2,WSSS_F_Imm8725536,Erythroid_SC_train,F80,SS2,WSSS_F_Imm8725536_predicted_SS2,CS15,nan,Male,nan,nan,YS,Erythroid_SC_train,SS2,nan,0,ERYTHROID,2.0,2.0 : ERYTHROID,#4A09B6,SS2
WSSS_F_Imm8725537,SS2,WSSS_F_Imm8725537,Erythroid_SC_train,F80,SS2,WSSS_F_Imm8725537_predicted_SS2,CS15,nan,Male,nan,nan,YS,Erythroid_SC_train,SS2,nan,0,ERYTHROID,2.0,2.0 : ERYTHROID,#4A09B6,SS2
WSSS_F_Imm8725538,SS2,WSSS_F_Imm8725538,Endothelium_SC_train,F80,SS2,WSSS_F_Imm8725538_predicted_SS2,CS15,nan,Male,nan,nan,YS,Endothelium_SC_train,SS2,nan,0,ANGIOGENIC,0.0,0.0 : ANGIOGENIC,#5F4EF6,SS2
WSSS_F_Imm8725539,SS2,WSSS_F_Imm8725539,Erythroid_SC_train,F80,SS2,WSSS_F_Imm8725539_predicted_SS2,CS15,nan,Male,nan,nan,YS,Erythroid_SC_train,SS2,nan,0,ERYTHROID,2.0,2.0 : ERYTHROID,#4A09B6,SS2
WSSS_F_Imm8725540,SS2,WSSS_F_Imm8725540,Endoderm_SC_train,F80,SS2,WSSS_F_Imm8725540_predicted_SS2,CS15,nan,Male,nan,nan,YS,Endoderm_SC_train,SS2,nan,0,HEPATOID,4.0,4.0 : HEPATOID,#F6298B,SS2
WSSS_F_Imm8725541,SS2,WSSS_F_Imm8725541,Endothelium_SC_train,F80,SS2,WSSS_F_Imm8725541_predicted_SS2,CS15,nan,Male,nan,nan,YS,Endothelium_SC_train,SS2,nan,0,ANGIOGENIC,0.0,0.0 : ANGIOGENIC,#5F4EF6,SS2
WSSS_F_Imm8725542,SS2,WSSS_F_Imm8725542,Endoderm_SC_train,F80,SS2,WSSS_F_Imm8725542_predicted_SS2,CS15,nan,Male,nan,nan,YS,Endoderm_SC_train,SS2,nan,0,HEPATOID,4.0,4.0 : HEPATOID,#F6298B,SS2
WSSS_F_Imm8725544,SS2,WSSS_F_Imm8725544,Mesothelium_SC_train,F80,SS2,WSSS_F_Imm8725544_predicted_SS2,CS15,nan,Male,nan,nan,YS,Mesothelium_SC_train,SS2,nan,0,EPITHELIAL,1.0,1.0 : EPITHELIAL,#5D76B2,SS2
WSSS_F_Imm8725545,SS2,WSSS_F_Imm8725545,Erythroid_SC_train,F80,SS2,WSSS_F_Imm8725545_predicted_SS2,CS15,nan,Male,nan,nan,YS,Erythroid_SC_train,SS2,nan,0,ERYTHROID,2.0,2.0 : ERYTHROID,#4A09B6,SS2
WSSS_F_Imm8725546,SS2,WSSS_F_Imm8725546,Erythroid_SC_train,F80,SS2,WSSS_F_Imm8725546_predicted_SS2,CS15,nan,Male,nan,nan,YS,Erythroid_SC_train,SS2,nan,0,ERYTHROID,2.0,2.0 : ERYTHROID,#4A09B6,SS2
WSSS_F_Imm8725547,SS2,WSSS_F_Imm8725547,Endoderm_SC_train,F80,SS2,WSSS_F_Imm8725547_predicted_SS2,CS15,nan,Male,nan,nan,YS,Endoderm_SC_train,SS2,nan,0,HEPATOID,4.0,4.0 : HEPATOID,#F6298B,SS2
WSSS_F_Imm8725548,SS2,WSSS_F_Imm8725548,Erythroid_SC_train,F80,SS2,WSSS_F_Imm8725548_predicted_SS2,CS15,nan,Male,nan,nan,YS,Erythroid_SC_train,SS2,nan,0,ERYTHROID,2.0,2.0 : ERYTHROID,#4A09B6,SS2
WSSS_F_Imm8725549,SS2,WSSS_F_Imm8725549,Erythroid_SC_train,F80,SS2,WSSS_F_Imm8725549_predicted_SS2,CS15,nan,Male,nan,nan,YS,Erythroid_SC_train,SS2,nan,0,ERYTHROID,2.0,2.0 : ERYTHROID,#4A09B6,SS2
WSSS_F_Imm8725550,SS2,WSSS_F_Imm8725550,Erythroid_SC_train,F80,SS2,WSSS_F_Imm8725550_predicted_SS2,CS15,nan,Male,nan,nan,YS,Erythroid_SC_train,SS2,nan,0,ERYTHROID,2.0,2.0 : ERYTHROID,#4A09B6,SS2
WSSS_F_Imm8725551,SS2,WSSS_F_Imm8725551,Endoderm_SC_train,F80,SS2,WSSS_F_Imm8725551_predicted_SS2,CS15,nan,Male,nan,nan,YS,Endoderm_SC_train,SS2,nan,0,HEPATOID,4.0,4.0 : HEPATOID,#F6298B,SS2
WSSS_F_Imm8725552,SS2,WSSS_F_Imm8725552,Fibroblast_SC_train,F80,SS2,WSSS_F_Imm8725552_predicted_SS2,CS15,nan,Male,nan,nan,YS,Fibroblast_SC_train,SS2,nan,0,FIBROBLAST,3.0,3.0 : FIBROBLAST,#ED351A,SS2
WSSS_F_Imm8725553,SS2,WSSS_F_Imm8725553,Erythroid_SC_train,F80,SS2,WSSS_F_Imm8725553_predicted_SS2,CS15,nan,Male,nan,nan,YS,Erythroid_SC_train,SS2,nan,0,ERYTHROID,2.0,2.0 : ERYTHROID,#4A09B6,SS2
WSSS_F_Imm8725554,SS2,WSSS_F_Imm8725554,Endoderm_SC_train,F80,SS2,WSSS_F_Imm8725554_predicted_SS2,CS15,nan,Male,nan,nan,YS,Endoderm_SC_train,SS2,nan,0,HEPATOID,4.0,4.0 : HEPATOID,#F6298B,SS2
WSSS_F_Imm8725555,SS2,WSSS_F_Imm8725555,Endoderm_SC_train,F80,SS2,WSSS_F_Imm8725555_predicted_SS2,CS15,nan,Male,nan,nan,YS,Endoderm_SC_train,SS2,nan,0,HEPATOID,4.0,4.0 : HEPATOID,#F6298B,SS2
WSSS_F_Imm8725556,SS2,WSSS_F_Imm8725556,Endoderm_SC_train,F80,SS2,WSSS_F_Imm8725556_predicted_SS2,CS15,nan,Male,nan,nan,YS,Endoderm_SC_train,SS2,nan,0,HEPATOID,4.0,4.0 : HEPATOID,#F6298B,SS2
WSSS_F_Imm8725557,SS2,WSSS_F_Imm8725557,Endoderm_SC_train,F80,SS2,WSSS_F_Imm8725557_predicted_SS2,CS15,nan,Male,nan,nan,YS,Endoderm_SC_train,SS2,nan,0,HEPATOID,4.0,4.0 : HEPATOID,#F6298B,SS2
WSSS_F_Imm8725558,SS2,WSSS_F_Imm8725558,Endoderm_SC_train,F80,SS2,WSSS_F_Imm8725558_predicted_SS2,CS15,nan,Male,nan,nan,YS,Endoderm_SC_train,SS2,nan,0,HEPATOID,4.0,4.0 : HEPATOID,#F6298B,SS2
WSSS_F_Imm8725559,SS2,WSSS_F_Imm8725559,Endoderm_SC_train,F80,SS2,WSSS_F_Imm8725559_predicted_SS2,CS15,nan,Male,nan,nan,YS,Endoderm_SC_train,SS2,nan,0,HEPATOID,4.0,4.0 : HEPATOID,#F6298B,SS2
WSSS_F_Imm8725560,SS2,WSSS_F_Imm8725560,Endoderm_SC_train,F80,SS2,WSSS_F_Imm8725560_predicted_SS2,CS15,nan,Male,nan,nan,YS,Endoderm_SC_train,SS2,nan,0,HEPATOID,4.0,4.0 : HEPATOID,#F6298B,SS2
WSSS_F_Imm8725561,SS2,WSSS_F_Imm8725561,Endoderm_SC_train,F80,SS2,WSSS_F_Imm8725561_predicted_SS2,CS15,nan,Male,nan,nan,YS,Endoderm_SC_train,SS2,nan,0,HEPATOID,4.0,4.0 : HEPATOID,#F6298B,SS2
WSSS_F_Imm8725562,SS2,WSSS_F_Imm8725562,Endoderm_SC_train,F80,SS2,WSSS_F_Imm8725562_predicted_SS2,CS15,nan,Male,nan,nan,YS,Endoderm_SC_train,SS2,nan,0,HEPATOID,4.0,4.0 : HEPATOID,#F6298B,SS2
WSSS_F_Imm8725563,SS2,WSSS_F_Imm8725563,Fibroblast_SC_train,F80,SS2,WSSS_F_Imm8725563_predicted_SS2,CS15,nan,Male,nan,nan,YS,Fibroblast_SC_train,SS2,nan,0,FIBROBLAST,3.0,3.0 : FIBROBLAST,#ED351A,SS2
WSSS_F_Imm8725564,SS2,WSSS_F_Imm8725564,Endoderm_SC_train,F80,SS2,WSSS_F_Imm8725564_predicted_SS2,CS15,nan,Male,nan,nan,YS,Endoderm_SC_train,SS2,nan,0,HEPATOID,4.0,4.0 : HEPATOID,#F6298B,SS2
WSSS_F_Imm8725565,SS2,WSSS_F_Imm8725565,Erythroid_SC_train,F80,SS2,WSSS_F_Imm8725565_predicted_SS2,CS15,nan,Male,nan,nan,YS,Erythroid_SC_train,SS2,nan,0,ERYTHROID,2.0,2.0 : ERYTHROID,#4A09B6,SS2
WSSS_F_Imm8725566,SS2,WSSS_F_Imm8725566,Endoderm_SC_train,F80,SS2,WSSS_F_Imm8725566_predicted_SS2,CS15,nan,Male,nan,nan,YS,Endoderm_SC_train,SS2,nan,0,HEPATOID,4.0,4.0 : HEPATOID,#F6298B,SS2
WSSS_F_Imm8725567,SS2,WSSS_F_Imm8725567,Endoderm_SC_train,F80,SS2,WSSS_F_Imm8725567_predicted_SS2,CS15,nan,Male,nan,nan,YS,Endoderm_SC_train,SS2,nan,0,HEPATOID,4.0,4.0 : HEPATOID,#F6298B,SS2
WSSS_F_Imm8725568,SS2,WSSS_F_Imm8725568,Endoderm_SC_train,F80,SS2,WSSS_F_Imm8725568_predicted_SS2,CS15,nan,Male,nan,nan,YS,Endoderm_SC_train,SS2,nan,0,HEPATOID,4.0,4.0 : HEPATOID,#F6298B,SS2
WSSS_F_Imm8725569,SS2,WSSS_F_Imm8725569,Endothelium_SC_train,F80,SS2,WSSS_F_Imm8725569_predicted_SS2,CS15,nan,Male,nan,nan,YS,Endothelium_SC_train,SS2,nan,0,ANGIOGENIC,0.0,0.0 : ANGIOGENIC,#5F4EF6,SS2
WSSS_F_Imm8725570,SS2,WSSS_F_Imm8725570,Endoderm_SC_train,F80,SS2,WSSS_F_Imm8725570_predicted_SS2,CS15,nan,Male,nan,nan,YS,Endoderm_SC_train,SS2,nan,0,HEPATOID,4.0,4.0 : HEPATOID,#F6298B,SS2
WSSS_F_Imm8725571,SS2,WSSS_F_Imm8725571,Endothelium_SC_train,F80,SS2,WSSS_F_Imm8725571_predicted_SS2,CS15,nan,Male,nan,nan,YS,Endothelium_SC_train,SS2,nan,0,ANGIOGENIC,0.0,0.0 : ANGIOGENIC,#5F4EF6,SS2
WSSS_F_Imm8725572,SS2,WSSS_F_Imm8725572,Erythroid_SC_train,F80,SS2,WSSS_F_Imm8725572_predicted_SS2,CS15,nan,Male,nan,nan,YS,Erythroid_SC_train,SS2,nan,0,ERYTHROID,2.0,2.0 : ERYTHROID,#4A09B6,SS2
WSSS_F_Imm8725573,SS2,WSSS_F_Imm8725573,Endoderm_SC_train,F80,SS2,WSSS_F_Imm8725573_predicted_SS2,CS15,nan,Male,nan,nan,YS,Endoderm_SC_train,SS2,nan,0,HEPATOID,4.0,4.0 : HEPATOID,#F6298B,SS2
WSSS_F_Imm8725574,SS2,WSSS_F_Imm8725574,Erythroid_SC_train,F80,SS2,WSSS_F_Imm8725574_predicted_SS2,CS15,nan,Male,nan,nan,YS,Erythroid_SC_train,SS2,nan,0,ERYTHROID,2.0,2.0 : ERYTHROID,#4A09B6,SS2
WSSS_F_Imm8725575,SS2,WSSS_F_Imm8725575,Endoderm_SC_train,F80,SS2,WSSS_F_Imm8725575_predicted_SS2,CS15,nan,Male,nan,nan,YS,Endoderm_SC_train,SS2,nan,0,HEPATOID,4.0,4.0 : HEPATOID,#F6298B,SS2
WSSS_F_Imm8725576,SS2,WSSS_F_Imm8725576,Erythroid_SC_train,F80,SS2,WSSS_F_Imm8725576_predicted_SS2,CS15,nan,Male,nan,nan,YS,Erythroid_SC_train,SS2,nan,0,ERYTHROID,2.0,2.0 : ERYTHROID,#4A09B6,SS2
WSSS_F_Imm8725577,SS2,WSSS_F_Imm8725577,Erythroid_SC_train,F80,SS2,WSSS_F_Imm8725577_predicted_SS2,CS15,nan,Male,nan,nan,YS,Erythroid_SC_train,SS2,nan,0,ERYTHROID,2.0,2.0 : ERYTHROID,#4A09B6,SS2
WSSS_F_Imm8725578,SS2,WSSS_F_Imm8725578,Endothelium_SC_train,F80,SS2,WSSS_F_Imm8725578_predicted_SS2,CS15,nan,Male,nan,nan,YS,Endothelium_SC_train,SS2,nan,0,ANGIOGENIC,0.0,0.0 : ANGIOGENIC,#5F4EF6,SS2
WSSS_F_Imm8725579,SS2,WSSS_F_Imm8725579,Erythroid_SC_train,F80,SS2,WSSS_F_Imm8725579_predicted_SS2,CS15,nan,Male,nan,nan,YS,Erythroid_SC_train,SS2,nan,0,ERYTHROID,2.0,2.0 : ERYTHROID,#4A09B6,SS2
WSSS_F_Imm8725580,SS2,WSSS_F_Imm8725580,Erythroid_SC_train,F80,SS2,WSSS_F_Imm8725580_predicted_SS2,CS15,nan,Male,nan,nan,YS,Erythroid_SC_train,SS2,nan,0,ERYTHROID,2.0,2.0 : ERYTHROID,#4A09B6,SS2
WSSS_F_Imm8725581,SS2,WSSS_F_Imm8725581,Endothelium_SC_train,F80,SS2,WSSS_F_Imm8725581_predicted_SS2,CS15,nan,Male,nan,nan,YS,Endothelium_SC_train,SS2,nan,0,ANGIOGENIC,0.0,0.0 : ANGIOGENIC,#5F4EF6,SS2
WSSS_F_Imm8725582,SS2,WSSS_F_Imm8725582,Erythroid_SC_train,F80,SS2,WSSS_F_Imm8725582_predicted_SS2,CS15,nan,Male,nan,nan,YS,Erythroid_SC_train,SS2,nan,0,ERYTHROID,2.0,2.0 : ERYTHROID,#4A09B6,SS2
WSSS_F_Imm8725583,SS2,WSSS_F_Imm8725583,Erythroid_SC_train,F80,SS2,WSSS_F_Imm8725583_predicted_SS2,CS15,nan,Male,nan,nan,YS,Erythroid_SC_train,SS2,nan,0,ERYTHROID,2.0,2.0 : ERYTHROID,#4A09B6,SS2
